-- Universidade do Minho
-- Bases de Dados 2022
-- Caso de Estudo: Hospital Portucalense


-- -----------------------------------------------------
-- Indicação da base de dados de trabalho
-- -----------------------------------------------------
USE hospitalPortucalense;


-- -----------------------------------------------------
-- Povoamento da tabela `procedimentos`
-- -----------------------------------------------------

INSERT INTO procedimentos(cod_procedimento, des_procedimento, preco) VALUES(
3000, 'Procedimento A', 10);

INSERT INTO procedimentos(des_procedimento, preco) VALUES
('Procedimento B', 15.45),
('Procedimento C', 19.99),
('Procedimento D', 22.50),
('Procedimento E', 55),
('Procedimento F', 34.25),
('Procedimento G', 80.50),
('Procedimento H', 65),
('Procedimento I', 8.99),
('Procedimento J', 5.25);


-- -----------------------------------------------------
-- Povoamento da tabela `especialidades`
-- -----------------------------------------------------

INSERT INTO especialidades(cod_especialidade,des_especialidade) VALUES(
2200, 'Anestesiologia');

INSERT INTO especialidades(des_especialidade) VALUES
('Angiologia'),
('Cardiologia'),
('Cirurgia Cardiotorácica'),
('Cirurgia Geral'),
('Cirurgia Vascular'),
('Dermatologia'),
('Endocrinologia'),
('Estomatologia'),
('Fisiatria'),
('Gastrenterologia'),
('Ginecologia'),
('Medicina Interna'),
('Medicina Intensiva'),
('Medicina Nuclear'),
('Nefrologia'),
('Neurocirurgia'),
('Neurologia'),
('Neuropsicologia'),
('Neurorradiologia'),
('Obstetrícia'),
('Oftalmologia'),
('Oncologia'),
('Ortopedia'),
('Otorrinolaringologia'),
('Pediatria'),
('Pneumologia'),
('Psiquiatria'),
('Radiologia'),
('Reumatologia'),
('Urologia');


-- -----------------------------------------------------
-- Povoamento da tabela `farmacos`
-- -----------------------------------------------------

INSERT INTO farmacos(id_farmaco,nome, descricao) VALUES(
1000, 'Acarbose', 'Comprimido revestido por película hipoglicemiante');

INSERT INTO farmacos(nome,descricao) VALUES
('Acarbose', 'Comprimido revestido por película hipoglicemiante'),
('Amoxicilina', 'Comprimido revestido por película antibiótico utilizado para tratar diversas infecções bacterianas'),
('Bicarbonato de sódio', 'Solução injetável alcalinizante'),
('Betametasona', 'Pomada corticóide com potente ação anti-inflamatória e antialérgica'),
('Ferro', 'Solução injetável para reposição de ferro'),
('Ibuprofeno', 'Comprimido revestido por película anti-inflamatório não esteroidal'),
('Insulina glulisina', 'Solução injetável antidiabética'),
('Levetiracetam', 'Comprimido revestido por película antiepiletico'),
('Levotiroxina', 'Comprimido de hormona tiroideia sintética usado no tratamento de reposição hormonal'),
('Omeprazol', 'Cápsula gastrorresistente'),
('Oxitocina', 'Solução para pulverização nasal'),
('Pantoprazol', 'Comprimido gastrorresistente'),
('Paracetamol', 'Comprimido revestido por película analgésico');


-- -----------------------------------------------------
-- Povoamento da tabela `Horario_Agendamento`
-- -----------------------------------------------------

-- Horários de agendamento dos 5 primeiros dias do mês de Janeiro de 2022 entre as 09:00:00 e as 18:00:00
INSERT INTO horario_agendamento(data, hora_ini, hora_fim, estado) VALUES
('2022-01-01', '09:00:00', '09:30:00', 1),
('2022-01-01', '09:30:00', '10:00:00', 1),
('2022-01-01', '10:00:00', '10:30:00', 1),
('2022-01-01', '10:30:00', '09:30:00', 1),
('2022-01-01', '11:00:00', '11:30:00', 1),
('2022-01-01', '11:30:00', '12:00:00', 0),
('2022-01-01', '12:00:00', '12:30:00', 0),
('2022-01-01', '12:30:00', '13:00:00', 1),
('2022-01-01', '13:00:00', '13:30:00', 1),
('2022-01-01', '13:30:00', '14:00:00', 1),
('2022-01-01', '14:00:00', '14:30:00', 1),
('2022-01-01', '14:30:00', '15:00:00', 1),
('2022-01-01', '15:00:00', '15:30:00', 1),
('2022-01-01', '15:30:00', '16:00:00', 1),
('2022-01-01', '16:00:00', '16:30:00', 1),
('2022-01-01', '16:30:00', '17:00:00', 1),
('2022-01-01', '17:00:00', '17:30:00', 1),
('2022-01-01', '17:30:00', '18:00:00', 1),
('2022-01-02', '09:00:00', '09:30:00', 1),
('2022-01-02', '09:30:00', '10:00:00', 1),
('2022-01-02', '10:00:00', '10:30:00', 1),
('2022-01-02', '10:30:00', '09:30:00', 1),
('2022-01-02', '11:00:00', '11:30:00', 1),
('2022-01-02', '11:30:00', '12:00:00', 1),
('2022-01-02', '12:00:00', '12:30:00', 1),
('2022-01-02', '12:30:00', '13:00:00', 1),
('2022-01-02', '13:00:00', '13:30:00', 1),
('2022-01-02', '13:30:00', '14:00:00', 1),
('2022-01-02', '14:00:00', '14:30:00', 1),
('2022-01-02', '14:30:00', '15:00:00', 1),
('2022-01-02', '15:00:00', '15:30:00', 1),
('2022-01-02', '15:30:00', '16:00:00', 1),
('2022-01-02', '16:00:00', '16:30:00', 1),
('2022-01-02', '16:30:00', '17:00:00', 1),
('2022-01-02', '17:00:00', '17:30:00', 0),
('2022-01-02', '17:30:00', '18:00:00', 0),
('2022-01-03', '09:00:00', '09:30:00', 1),
('2022-01-03', '09:30:00', '10:00:00', 1),
('2022-01-03', '10:00:00', '10:30:00', 1),
('2022-01-03', '10:30:00', '09:30:00', 1),
('2022-01-03', '11:00:00', '11:30:00', 1),
('2022-01-03', '11:30:00', '12:00:00', 1),
('2022-01-03', '12:00:00', '12:30:00', 1),
('2022-01-03', '12:30:00', '13:00:00', 1),
('2022-01-03', '13:00:00', '13:30:00', 1),
('2022-01-03', '13:30:00', '14:00:00', 1),
('2022-01-03', '14:00:00', '14:30:00', 1),
('2022-01-03', '14:30:00', '15:00:00', 1),
('2022-01-03', '15:00:00', '15:30:00', 1),
('2022-01-03', '15:30:00', '16:00:00', 1),
('2022-01-03', '16:00:00', '16:30:00', 1),
('2022-01-03', '16:30:00', '17:00:00', 1),
('2022-01-03', '17:00:00', '17:30:00', 1),
('2022-01-03', '17:30:00', '18:00:00', 1),
('2022-01-04', '09:00:00', '09:30:00', 1),
('2022-01-04', '09:30:00', '10:00:00', 1),
('2022-01-04', '10:00:00', '10:30:00', 1),
('2022-01-04', '10:30:00', '09:30:00', 1),
('2022-01-04', '11:00:00', '11:30:00', 1),
('2022-01-04', '11:30:00', '12:00:00', 1),
('2022-01-04', '12:00:00', '12:30:00', 1),
('2022-01-04', '12:30:00', '13:00:00', 1),
('2022-01-04', '13:00:00', '13:30:00', 1),
('2022-01-04', '13:30:00', '14:00:00', 1),
('2022-01-04', '14:00:00', '14:30:00', 1),
('2022-01-04', '14:30:00', '15:00:00', 1),
('2022-01-04', '15:00:00', '15:30:00', 1),
('2022-01-04', '15:30:00', '16:00:00', 1),
('2022-01-04', '16:00:00', '16:30:00', 1),
('2022-01-04', '16:30:00', '17:00:00', 1),
('2022-01-04', '17:00:00', '17:30:00', 1),
('2022-01-04', '17:30:00', '18:00:00', 1),
('2022-01-05', '09:00:00', '09:30:00', 1),
('2022-01-05', '09:30:00', '10:00:00', 1),
('2022-01-05', '10:00:00', '10:30:00', 1),
('2022-01-05', '10:30:00', '09:30:00', 1),
('2022-01-05', '11:00:00', '11:30:00', 1),
('2022-01-05', '11:30:00', '12:00:00', 1),
('2022-01-05', '12:00:00', '12:30:00', 1),
('2022-01-05', '12:30:00', '13:00:00', 1),
('2022-01-05', '13:00:00', '13:30:00', 1),
('2022-01-05', '13:30:00', '14:00:00', 0),
('2022-01-05', '14:00:00', '14:30:00', 1),
('2022-01-05', '14:30:00', '15:00:00', 1),
('2022-01-05', '15:00:00', '15:30:00', 1),
('2022-01-05', '15:30:00', '16:00:00', 1),
('2022-01-05', '16:00:00', '16:30:00', 1),
('2022-01-05', '16:30:00', '17:00:00', 1),
('2022-01-05', '17:00:00', '17:30:00', 1),
('2022-01-05', '17:30:00', '18:00:00', 0);

-- Outros horários de agendamento
INSERT INTO horario_agendamento(data, hora_ini, hora_fim, estado) VALUES
('2020-01-01', '09:00:00', '09:30:00', 1),
('2020-01-01', '09:30:00', '10:00:00', 1),
('2020-01-01', '10:00:00', '10:30:00', 1),
('2020-01-01', '10:30:00', '09:30:00', 1),
('2020-01-01', '11:00:00', '11:30:00', 1),
('2020-01-01', '11:30:00', '12:00:00', 0),
('2020-01-01', '12:00:00', '12:30:00', 0),
('2020-01-01', '12:30:00', '13:00:00', 1),
('2020-01-01', '13:00:00', '13:30:00', 1),
('2020-01-01', '13:30:00', '14:00:00', 1),
('2020-01-01', '14:00:00', '14:30:00', 0),
('2020-01-01', '14:30:00', '15:00:00', 1),
('2020-01-01', '15:00:00', '15:30:00', 1),
('2020-01-01', '15:30:00', '16:00:00', 1),
('2020-01-01', '16:00:00', '16:30:00', 1),
('2020-01-01', '16:30:00', '17:00:00', 0),
('2020-01-01', '17:00:00', '17:30:00', 1),
('2020-01-01', '17:30:00', '18:00:00', 1),
('2020-01-02', '09:00:00', '09:30:00', 1),
('2020-01-02', '09:30:00', '10:00:00', 1),
('2020-01-02', '10:00:00', '10:30:00', 0),
('2020-01-02', '10:30:00', '09:30:00', 1),
('2020-01-02', '11:00:00', '11:30:00', 1),
('2020-01-02', '11:30:00', '12:00:00', 1),
('2020-01-02', '12:00:00', '12:30:00', 1),
('2020-01-02', '12:30:00', '13:00:00', 1),
('2020-01-02', '13:00:00', '13:30:00', 1),
('2020-01-02', '13:30:00', '14:00:00', 1),
('2020-01-02', '14:00:00', '14:30:00', 0),
('2020-01-02', '14:30:00', '15:00:00', 1),
('2020-01-02', '15:00:00', '15:30:00', 0),
('2020-01-02', '15:30:00', '16:00:00', 1),
('2020-01-02', '16:00:00', '16:30:00', 1),
('2020-01-02', '16:30:00', '17:00:00', 1),
('2020-01-02', '17:00:00', '17:30:00', 1),
('2020-01-02', '17:30:00', '18:00:00', 0),
('2021-06-12', '09:00:00', '09:30:00', 1),
('2021-06-12', '09:30:00', '10:00:00', 1),
('2021-06-12', '10:00:00', '10:30:00', 1),
('2021-06-12', '10:30:00', '09:30:00', 1),
('2021-06-12', '11:00:00', '11:30:00', 1),
('2021-06-12', '11:30:00', '12:00:00', 0),
('2021-06-12', '12:00:00', '12:30:00', 0),
('2021-06-12', '12:30:00', '13:00:00', 1),
('2021-06-12', '13:00:00', '13:30:00', 1),
('2021-06-12', '13:30:00', '14:00:00', 1),
('2021-06-12', '14:00:00', '14:30:00', 0),
('2021-06-12', '14:30:00', '15:00:00', 1),
('2021-06-12', '15:00:00', '15:30:00', 1),
('2021-06-12', '15:30:00', '16:00:00', 1),
('2021-06-12', '16:00:00', '16:30:00', 1),
('2021-06-12', '16:30:00', '17:00:00', 0),
('2021-06-12', '17:00:00', '17:30:00', 1),
('2021-06-12', '17:30:00', '18:00:00', 1),
('2021-08-19', '09:00:00', '09:30:00', 1),
('2021-08-19', '09:30:00', '10:00:00', 1),
('2021-08-19', '10:00:00', '10:30:00', 1),
('2021-08-19', '10:30:00', '09:30:00', 1),
('2021-08-19', '11:00:00', '11:30:00', 1),
('2021-08-19', '11:30:00', '12:00:00', 0),
('2021-08-19', '12:00:00', '12:30:00', 0),
('2021-08-19', '12:30:00', '13:00:00', 1),
('2021-08-19', '13:00:00', '13:30:00', 1),
('2021-08-19', '13:30:00', '14:00:00', 1),
('2021-08-19', '14:00:00', '14:30:00', 1),
('2021-08-19', '14:30:00', '15:00:00', 1),
('2021-08-19', '15:00:00', '15:30:00', 1),
('2021-08-19', '15:30:00', '16:00:00', 0),
('2021-08-19', '16:00:00', '16:30:00', 0),
('2021-08-19', '16:30:00', '17:00:00', 0),
('2021-08-19', '17:00:00', '17:30:00', 1),
('2021-08-19', '17:30:00', '18:00:00', 1),
('2021-09-30', '09:00:00', '09:30:00', 0),
('2021-09-30', '09:30:00', '10:00:00', 1),
('2021-09-30', '10:00:00', '10:30:00', 1),
('2021-09-30', '10:30:00', '09:30:00', 1),
('2021-09-30', '11:00:00', '11:30:00', 1),
('2021-09-30', '11:30:00', '12:00:00', 1),
('2021-09-30', '12:00:00', '12:30:00', 1),
('2021-09-30', '12:30:00', '13:00:00', 1),
('2021-09-30', '13:00:00', '13:30:00', 1),
('2021-09-30', '13:30:00', '14:00:00', 1),
('2021-09-30', '14:00:00', '14:30:00', 1),
('2021-09-30', '14:30:00', '15:00:00', 1),
('2021-09-30', '15:00:00', '15:30:00', 1),
('2021-09-30', '15:30:00', '16:00:00', 0),
('2021-09-30', '16:00:00', '16:30:00', 0),
('2021-09-30', '16:30:00', '17:00:00', 1),
('2021-09-30', '17:00:00', '17:30:00', 0),
('2021-09-30', '17:30:00', '18:00:00', 0);

-- -----------------------------------------------------
-- Povoamento da tabela `pacientes`
-- -----------------------------------------------------

INSERT INTO pacientes(nr_sequencial, nome, sexo, dta_nascimento, NIF, nr_utente, estado_civil, rua, localidade, cod_postal) VALUES
(111111, 'Marta Gomes Araújo', 'F', '2000-08-08', '260454333', '123456789', 'C', 'Rua da Igreja', 'Braga', '4715-108');

INSERT INTO pacientes(nome, sexo, dta_nascimento, NIF, nr_utente, rua, localidade, cod_postal, NISS) VALUES
('Maria Francisca Cunha Nogueira', 'F', '1999-02-18', '260454323', '123456788', 'Rua da Devesa Basta', 'Porto', '4715-135', '111111111'),
('Inês Dias Pereira', 'F', '1995-06-20', '260454332', '123456888', 'Rua do Monte de Baixo', 'Braga', '4710-070', '222222222'),
('Pedro Dias Cabral', 'I', '1997-04-15', '260454344', '123456444', 'Rua 5 de Outubro', 'Penafiel', '4700-260', '333333333'),
('António da Silva Araújo', 'M', '1960-10-20', '260455333', '123456777', 'Rua do Parque Norte', 'Guimarães', '4700-103', '444444444'),
('Santiago Dias Araújo', 'M', '2010-10-20', '262435413', '183653397', 'Rua do Parque Norte', 'Guimarães', '4700-103', '555555555'),
('Joana Filipa Cunha Alves', 'F', '1990-04-14', '260434245', '145673739', 'Rua do Monte de Baixo II', 'Porto', '4710-071', '666666666'),
('Madalena Peixoto Azevedo', 'F', '1983-07-08', '260555333', '123956989', 'Rua 1º de Maio', 'Braga', '4710-470', '777777777'),
('Afonso Azevedo Teixeira', 'M', '2012-09-18', '240454363', '125955959', 'Rua 1º de Maio', 'Braga', '4710-470', '888888888'),
('Paulo Cunha Simões', 'M', '1982-12-03', '260454666', '133456589', 'Rua Cândido dos Reis', 'Guimarães', '4700-044', '999999999'),
('Patrícia Muniz Ribeiro', 'F', '1978-05-16', '260454999', '124552789', 'Rua 25 de Abril', 'Porto', '4700-480', '121212121'),
('Tiago Araújo Ferreira', 'M', '1984-11-22', '260454111', '163456789', 'Rua Zeca Afonso', 'Braga', '4700-834', '131313131'),
('Teresa Branco Barbosa', 'F', '1991-03-09', '260454222', '123956729', 'Rua dos 12 Sobreiros', 'Braga', '4700-013', '141414141'),
('João Paulo Dias Fonseca', 'M', '1990-10-23', '260454555', '123453739', 'Rua dos 12 Sobreiros', 'Braga', '4700-013', '151515151');


-- -----------------------------------------------------
-- Povoamento da tabela `telefones_pac`
-- -----------------------------------------------------

INSERT INTO telefones_pac(telefone, nr_sequencial) VALUES
('913914918', 111111),
('933945812', 111112),
('966783675', 111113),
('911934765', 111114),
('917463302', 111115),
('917463302', 111116),
('965455605', 111117),
('961677567', 111118),
('961677567', 111119),
('253600806', 111120),
('253447374', 111121),
('253865745', 111122),
('915561051', 111123),
('911603310', 111124);


-- -----------------------------------------------------
-- Povoamento da tabela `emails_pac`
-- -----------------------------------------------------

INSERT INTO emails_pac(email, nr_sequencial) VALUES
('marta@gmail.com', 111111),
('mfcn@outlook.pt', 111112),
('ipereira@hotmail.com', 111113),
('pedro97@gmail.com', 111114),
('antonio_araujo@sapo.pt', 111115),
('antonio_araujo@sapo.pt', 111116),
('joanalves_14@gmail.com', 111117),
('madalena@outlook.pt', 111118),
('madalena@outlook.pt', 111119),
('paulosim@sapo.pt', 111120),
('muniz_ribeiro@gmail.com', 111121),
('tiago@hotmail.com', 111122),
('tbb@gmail.com', 111123),
('joao_fonseca@gmail.com', 111124);


-- -----------------------------------------------------
-- Povoamento da tabela `funcionarios`
-- -----------------------------------------------------

INSERT INTO funcionarios(dta_ini_servico) VALUES
('1999-04-10'),
('1995-05-20'),
('1997-03-05'),
('1980-12-21'),
('1983-01-18'),
('1982-06-03'),
('1978-08-16'),
('1978-08-16'),
('1979-01-10'),
('1984-11-28'),
('1991-10-19'),
('2000-02-09'),
('2013-01-11'),
('2016-12-23'),
('2018-11-15'),
('2019-07-04'),
('2020-09-17'),
('2021-12-24'),
('2021-10-13'),
('2022-11-18'),
('2022-03-01'),
('2022-06-09'),
('1960-09-20'),
('2019-10-19'),
('2010-02-09'),
('2015-07-23'),
('2000-10-10'),
('1996-09-22'),
('2001-03-19'),
('2000-04-28'),
('2008-11-17'),
('2010-10-23'),
('1994-03-10'),
('2010-12-20'),
('2013-04-15');


-- -----------------------------------------------------
-- Povoamento da tabela `telefones_func`
-- -----------------------------------------------------

INSERT INTO telefones_func(telefone, num_mec) VALUES
('911232123', 1),
('935618391', 2),
('965276518', 3),
('917826197', 4),
('916352726', 5),
('966542836', 6),
('910230825', 7),
('918726350', 8),
('933653087', 9),
('916521098', 10),
('919237261', 11),
('969899698', 12),
('912376589', 13),
('963760303', 14),
('960876390', 15),
('918273098', 16),
('914590872', 17),
('915055345', 18),
('917878787', 19),
('911191091', 20),
('962692022', 21),
('916526765', 22),
('913393047', 23),
('915795050', 24),
('961741011', 25),
('919171011', 26),
('915691541', 27),
('913543783', 28),
('963360300', 29),
('915006256', 30),
('910018900', 31),
('912210222', 32),
('966554433', 33),
('962351427', 34),
('913648291', 35);


-- -----------------------------------------------------
-- Povoamento da tabela `emails_func`
-- -----------------------------------------------------

INSERT INTO emails_func(email, num_mec) VALUES
('leonor_cunha@hp.min-saude.pt', 1),
('tiago_ribeiro@hp.min-saude.pt', 2),
('margarida_branco@hp.min-saude.pt', 3),
('ines_abrantes@hp.min-saude.pt', 4),
('fernando_noronha@hp.min-saude.pt', 5),
('artur_santos@hp.min-saude.pt', 6),
('joao_cabral@hp.min-saude.pt', 7),
('teresa_costa@hp.min-saude.pt', 8),
('fatima_pinto@hp.min-saude.pt', 9),
('ana_dinis@hp.min-saude.pt', 10),
('cristiana_pereira@hp.min-saude.pt', 11),
('eduardo_castro@hp.min-saude.pt', 12),
('filipa_mendonca@hp.min-saude.pt', 13),
('pedro_peixoto@hp.min-saude.pt', 14),
('carlos_fernandes@hp.min-saude.pt', 15),
('bruno_ferreira@hp.min-saude.pt', 16),
('ligia_santos@hp.min-saude.pt', 17),
('bernardo_neto@hp.min-saude.pt', 18),
('marilia_azevedo@hp.min-saude.pt', 19),
('alvaro_pascoal@hp.min-saude.pt', 20),
('leandro_pereira@hp.min-saude.pt', 21),
('maria_gomes@hp.min-saude.pt', 22),
('pedro_xavier@hp.min-saude.pt', 23),
('antonio_costa@hp.min-saude.pt', 24),
('joao_gonçalves@hp.min-saude.pt', 25),
('maria_barbosa@hp.min-saude.pt', 26),
('jose_cabral@hp.min-saude.pt', 27),
('leonardo_sarmento@hp.min-saude.pt', 28),
('patricia_almeida@hp.min-saude.pt', 29),
('catarina_nogueira@hp.min-saude.pt', 30),
('ricardo_maia@hp.min-saude.pt', 31),
('fernando_tavares@hp.min-saude.pt', 32),
('eduarda_pascoal@hp.min-saude.pt', 33),
('rita_teixeira@hp.min-saude.pt', 34),
('artur_soares@hp.min-saude.pt', 35);


-- -----------------------------------------------------
-- Povoamento da tabela `administradores`
-- -----------------------------------------------------

INSERT INTO administradores(num_mec,nome_administrador) VALUES
(23, 'Pedro de Almeida Xavier'),
(7, 'João Castro Cabral'),
(8, 'Teresa Ribeiro da Costa'),
(9, 'Fátima Noronha Pinto'),
(4, 'Inês Maria da Silva Abrantes');


-- -----------------------------------------------------
-- Povoamento da tabela `administrativos`
-- -----------------------------------------------------

INSERT INTO administrativos(num_mec,nome_administrativo) VALUES
(6, 'Artur Pereira Santos'),
(10, 'Ana Eduarda Castro Dinis'),
(2, 'Tiago José Alves Ribeiro'),
(24, 'António Pedro Ribeiro Costa'),
(25, 'João Pedro Dias Gonçalves'),
(26, 'Maria João Sousa Barbosa');

-- -----------------------------------------------------
-- Povoamento da tabela `medicos`
-- -----------------------------------------------------

INSERT INTO medicos(num_mec,nome_medico, cod_especialidade) VALUES
(1, 'Leonor Santos da Cunha', '2202'),
(3, 'Margarida Simões Branco', '2202'),
(5, 'José Fernando Noronha', '2202'),
(11, 'Cristiana Silva Pereira', '2215'),
(12, 'Eduardo Azevedo Castro', '2217'),
(13, 'Filipa Silva Mendonça', '2217'),
(14, 'Pedro Rodrigues Peixoto', '2217'),
(15, 'Carlos André Cunha Fernandes', '2218'),
(16, 'Bruno Miguel Costa Ferreira', '2216'),
(17, 'Lígia Ribeiro Santos', '2206'),
(18, 'Bernardo Pereira Neto', '2206'),
(19, 'Marília Costa Azevedo', '2227'),
(20, 'Álvaro Ribeiro Pascoal', '2223'),
(21, 'Leandro Correia Pereira', '2223'),
(22, 'Maria Leonor Dias Gomes', '2220'),
(27, 'José Pereira Cabral', '2215'),
(28, 'Leonardo Morais Sarmento', '2215'),
(29, 'Patrícia Filipa Maia Almeida', '2225'),
(30, 'Catarina Rodrigues Nogueira', '2225'),
(31, 'Ricardo José Santos da Maia', '2225'),
(32, 'Fernando Costa Tavares', '2225'),
(33, 'Eduarda Maria da Silva Pascoal', '2221'),
(34, 'Rita Gomes Teixeira', '2221'),
(35, 'Artur Ferreira Soares', '2221');


-- -----------------------------------------------------
-- Povoamento da tabela `consultas`
-- -----------------------------------------------------

INSERT INTO consultas(id_paciente, id_medico, id_agenda, id_proc, id_secretaria, hora_ini, hora_fim, preco) VALUES
(111111, 33, 256, NULL, 10, '2021-09-30 10:10:04', '2021-09-30 10:40:00', 5),
(111113, 34, 182, NULL, NULL, '2020-01-01 09:03:00', '2020-01-01 09:38:01', 10.50),
(111118, 22, 218, NULL, 10, '2021-06-12 09:20:00', '2021-06-12 09:41:15', 10),
(111114, 14, 218, '3000', NULL, '2021-06-12 09:03:00', '2021-06-12 09:33:08', 15.25),
(111112, 17, 235, NULL, 26, '2021-06-12 17:20:00', '2021-06-12 17:38:00', 5.50),
(111120, 5, 263, '3005', 10, '2021-09-30 13:30:00', '2021-09-30 14:06:23', 40.25),
(111114, 12, 201, '3001', 25, '2020-01-02 09:30:00', '2020-01-02 09:45:00', 20.45),
(111113, 20, 201, NULL, 26, '2020-01-02 09:38:20', '2020-01-02 09:45:00', 5.50),
(111115, 12, 203, '3008', NULL, '2020-01-02 10:36:00', '2020-01-02 10:55:20', 10.95),
(111112, 14, 205, NULL, 6, '2020-01-02 11:30:00', '2020-01-02 11:55:45', 5.50),
(111117, 13, 208, '3006', NULL, '2020-01-02 13:00:00', '2020-01-02 14:10:00', 90),
(111122, 22, 211, '3008', NULL, '2020-01-02 14:33:10', '2020-01-02 14:40:31', 10.95);

-- -----------------------------------------------------
-- Povoamento da tabela `prescricoes`
-- -----------------------------------------------------

INSERT INTO prescricoes(nr_episodio, id_paciente, id_medico, id_farmaco, quantidade, unidade, data_validade, data_prescricao, posologia, PVP, comparticipacao) VALUES
(4, 111114, 14, 1008, 500, 'mg', '2022-06-12 00:00:00', '2021-06-12 09:10:00', '1cp em jejum', 2.99, 1.99),
(4, 111114, 14, 1013, 500, 'mg', '2022-06-12 00:00:00', '2021-06-12 09:10:00', '1cp de 8h/8h', NULL, NULL),
(7, 111114, 12, 1008, 1000, 'mg', '2020-04-02 00:00:00', '2020-01-02 09:44:00', '1 cp em jejum', 3.99, 2.99),
(10,111112, 14, 1013, 1000, 'mg', '2020-06-02 00:00:00', '2020-01-02 11:50:00', '1 cp ao almoco', NULL, NULL);
